Date,Product,Region,Sales_Units,Price,Revenue,Doctor_Prescriptions,Discount_pct,Net_Revenue
2023-01-01,PainRelief Tablet,West,580,254.64,147691.2,0,13.81,127295.05
2023-01-01,Antacid Tablet,South,70,360.27,25218.9,14,2.41,24611.12
2023-01-02,Antihistamine,Central,257,63.33,16275.81,19,11.57,14392.7
2023-01-02,Antacid Tablet,South,616,347.51,214066.16,9,12.39,187543.36
2023-01-02,Antihistamine,South,206,131.77,27144.62,16,9.08,24679.89
2023-01-03,Cough Syrup,South,120,166.02,19922.4,5,18.35,16266.64
2023-01-05,Vitamin C,West,657,561.3,368774.1,13,1.01,365049.48
2023-01-05,Cough Syrup,West,325,484.91,157595.75,43,10.11,141662.82
2023-01-05,Cough Syrup,West,219,370.64,81170.16,14,16.84,67501.11
2023-01-05,Antibiotic Capsule,East,307,511.7,157091.9,48,4.94,149331.56
2023-01-07,Diabetes Control,East,93,459.01,42687.93,15,18.76,34679.67
2023-01-08,Diabetes Control,West,142,567.82,80630.44,4,13.42,69809.83
2023-01-08,Antacid Tablet,West,140,272.38,38133.2,9,8.27,34979.58
2023-01-09,Antibiotic Capsule,West,546,73.95,40376.7,8,7.56,37324.22
2023-01-09,PainRelief Tablet,Central,798,565.87,451564.26,27,15.16,383107.12
2023-01-10,Diabetes Control,East,707,504.17,356448.19,34,10.41,319341.93
2023-01-12,Antibiotic Capsule,North,537,532.43,285914.91,32,7.1,265614.95
2023-01-12,Antacid Tablet,South,623,46.44,28932.12,48,9.22,26264.58
2023-01-14,Cough Syrup,West,422,394.43,166449.46,30,14.76,141881.52
2023-01-15,Antacid Tablet,North,544,465.38,253166.72,37,11.88,223090.51
2023-01-15,PainRelief Tablet,North,147,548.03,80560.41,42,1.8,79110.32
2023-01-15,Vitamin C,Central,275,501.31,137860.25,41,6.27,129216.41
2023-01-16,Antacid Tablet,South,310,256.85,79623.5,3,7.92,73317.32
2023-01-17,Antihistamine,West,514,65.79,33816.06,44,3.54,32618.97
2023-01-18,Antibiotic Capsule,Central,642,256.34,164570.28,21,8.85,150005.81
2023-01-19,Antacid Tablet,West,353,346.76,122406.28,19,11.1,108819.18
2023-01-20,Antacid Tablet,North,225,264.53,59519.25,25,13.33,51585.33
2023-01-21,PainRelief Tablet,South,636,209.37,133159.32,14,16.11,111707.35
2023-01-21,Antacid Tablet,North,331,152.36,50431.16,10,13.45,43648.17
2023-01-22,Cough Syrup,East,258,183.39,47314.62,11,2.98,45904.64
2023-01-22,Cough Syrup,West,283,238.82,67586.06,48,7.93,62226.49
2023-01-23,Antihistamine,South,404,395.4,159741.6,44,6.9,148719.43
2023-01-23,Diabetes Control,North,579,412.48,238825.92,38,1.19,235983.89
2023-01-25,Diabetes Control,West,55,78.27,4304.85,32,3.08,4172.26
2023-01-26,Vitamin C,Central,666,464.63,309443.58,47,1.75,304028.32
2023-01-27,Antihistamine,Central,408,213.6,87148.8,3,15.1,73989.33
2023-01-28,Antibiotic Capsule,North,791,367.41,290621.31,11,15.27,246243.44
2023-01-28,PainRelief Tablet,West,138,533.92,73680.96,21,6.83,68648.55
2023-01-28,PainRelief Tablet,North,659,319.2,210352.8,21,13.3,182375.88
2023-01-28,PainRelief Tablet,East,516,298.45,154000.2,38,11.93,135627.98
2023-01-29,Cough Syrup,Central,391,454.07,177541.37,44,2.61,172907.54
2023-02-02,PainRelief Tablet,West,343,192.07,65880.01,6,6.64,61505.58
2023-02-02,Vitamin C,West,87,159.82,13904.34,31,16.06,11671.3
2023-02-03,PainRelief Tablet,Central,147,462.01,67915.47,7,6.98,63174.97
2023-02-04,Vitamin C,East,662,444.96,294563.52,34,13.19,255710.59
2023-02-04,Cough Syrup,South,494,497.19,245611.86,49,11.35,217734.91
2023-02-05,Diabetes Control,South,160,546.1,87376.0,7,10.47,78227.73
2023-02-05,Antacid Tablet,West,166,530.29,88028.14,36,18.92,71373.22
2023-02-06,Vitamin C,Central,639,445.99,284987.61,41,11.69,251672.56
2023-02-06,Antacid Tablet,South,497,40.25,20004.25,13,16.19,16765.56
2023-02-06,Antibiotic Capsule,North,64,450.75,28848.0,15,11.54,25518.94
2023-02-07,Vitamin C,East,126,261.32,32926.32,5,2.87,31981.33
2023-02-08,Diabetes Control,West,698,434.12,303015.76,20,19.94,242594.42
2023-02-08,Vitamin C,North,347,239.34,83050.98,30,1.25,82012.84
2023-02-08,Antacid Tablet,North,131,442.73,57997.63,23,4.41,55439.93
2023-02-08,Cough Syrup,West,546,480.56,262385.76,25,7.64,242339.49
2023-02-10,Antacid Tablet,East,250,160.19,40047.5,41,6.49,37448.42
2023-02-10,PainRelief Tablet,West,479,182.73,87527.67,13,13.58,75641.41
2023-02-10,Vitamin C,South,693,128.83,89279.19,9,14.68,76173.0
2023-02-11,Vitamin C,East,484,292.38,141511.92,5,17.6,116605.82
2023-02-12,Antacid Tablet,South,792,578.45,458132.4,41,11.41,405859.49
2023-02-12,Antihistamine,Central,514,589.76,303136.64,31,6.6,283129.62
2023-02-15,PainRelief Tablet,East,267,182.14,48631.38,37,11.61,42985.28
2023-02-15,Cough Syrup,South,383,419.39,160626.37,24,3.98,154233.44
2023-02-16,Antibiotic Capsule,North,575,152.31,87578.25,30,2.54,85353.76
2023-02-16,Antibiotic Capsule,West,203,274.86,55796.58,13,1.07,55199.56
2023-02-16,Diabetes Control,South,793,291.34,231032.62,36,4.49,220659.26
2023-02-16,Diabetes Control,North,370,410.99,152066.3,24,3.2,147200.18
2023-02-17,PainRelief Tablet,Central,146,265.37,38744.02,3,9.31,35136.95
2023-02-17,Cough Syrup,West,414,473.61,196074.54,24,12.91,170761.32
2023-02-18,Antacid Tablet,North,326,349.11,113809.86,27,17.5,93893.13
2023-02-20,Antibiotic Capsule,West,515,396.18,204032.7,17,9.67,184302.74
2023-02-20,Diabetes Control,South,92,592.3,54491.6,42,1.35,53755.96
2023-02-20,Antacid Tablet,East,138,252.37,34827.06,32,1.56,34283.76
2023-02-22,Vitamin C,East,49,366.62,17964.38,20,2.06,17594.31
2023-02-22,Diabetes Control,East,548,82.78,45363.44,2,0.51,45132.09
2023-02-22,PainRelief Tablet,South,185,259.42,47992.7,16,12.91,41796.84
2023-02-22,Antibiotic Capsule,East,291,141.77,41255.07,16,7.54,38144.44
2023-02-23,PainRelief Tablet,North,464,209.07,97008.48,16,7.09,90130.58
2023-02-23,Vitamin C,North,160,299.44,47910.4,20,1.96,46971.36
2023-02-23,Antibiotic Capsule,South,588,326.88,192205.44,4,16.05,161356.47
2023-02-25,Vitamin C,North,133,526.44,70016.52,44,3.58,67509.93
2023-02-25,Antihistamine,South,168,184.61,31014.48,45,10.07,27891.32
2023-02-27,Antibiotic Capsule,South,582,374.37,217883.34,0,6.05,204701.4
2023-02-27,PainRelief Tablet,North,649,155.48,100906.52,15,2.75,98131.59
2023-02-27,Antacid Tablet,North,185,228.7,42309.5,13,0.48,42106.41
2023-02-27,Cough Syrup,Central,680,465.08,316254.4,15,1.54,311384.08
2023-02-28,Antibiotic Capsule,West,215,451.06,96977.9,31,13.59,83798.6
2023-03-02,Cough Syrup,West,667,235.97,157391.99,22,16.43,131532.49
2023-03-03,Vitamin C,Central,354,567.11,200756.94,25,11.44,177790.35
2023-03-04,Vitamin C,West,603,444.28,267900.84,31,8.44,245290.01
2023-03-04,PainRelief Tablet,North,795,396.77,315432.15,26,4.53,301143.07
2023-03-06,Antibiotic Capsule,North,297,298.63,88693.11,16,19.65,71264.91
2023-03-06,Cough Syrup,South,757,145.19,109908.83,24,12.06,96653.83
2023-03-10,Cough Syrup,West,263,63.51,16703.13,3,5.83,15729.34
2023-03-10,Cough Syrup,East,422,584.56,246684.32,37,16.61,205710.05
2023-03-10,Antihistamine,North,588,373.4,219559.2,48,15.97,184495.6
2023-03-11,Cough Syrup,North,331,346.25,114608.75,11,18.19,93761.42
2023-03-13,Antibiotic Capsule,East,312,462.59,144328.08,31,8.52,132031.33
2023-03-13,Antihistamine,East,708,346.14,245067.12,38,14.37,209850.97
2023-03-14,Cough Syrup,West,791,439.41,347573.31,47,7.87,320219.29
2023-03-15,Diabetes Control,Central,613,43.74,26812.62,34,15.2,22737.1
2023-03-16,Antacid Tablet,Central,70,258.78,18114.6,44,9.92,16317.63
2023-03-16,Cough Syrup,South,155,417.02,64638.1,5,9.21,58684.93
2023-03-17,Antibiotic Capsule,West,256,242.56,62095.36,28,18.45,50638.77
2023-03-17,Cough Syrup,North,37,331.03,12248.11,47,3.44,11826.78
2023-03-19,Antibiotic Capsule,North,138,48.19,6650.22,33,5.78,6265.84
2023-03-19,PainRelief Tablet,South,194,114.84,22278.96,41,2.17,21795.51
2023-03-19,Antibiotic Capsule,Central,185,227.98,42176.3,7,14.85,35913.12
2023-03-21,Antihistamine,East,297,59.6,17701.2,12,18.91,14353.9
2023-03-22,Cough Syrup,Central,104,311.23,32367.92,47,0.01,32364.68
2023-03-22,Antacid Tablet,South,466,424.95,198026.7,15,17.32,163728.48
2023-03-22,Antibiotic Capsule,East,234,189.34,44305.56,6,2.66,43127.03
2023-03-24,Antacid Tablet,South,393,133.48,52457.64,1,0.0,52457.64
2023-03-26,Cough Syrup,North,224,189.86,42528.64,2,16.88,35349.81
2023-03-27,PainRelief Tablet,East,683,353.65,241542.95,22,15.65,203741.48
2023-03-27,Cough Syrup,South,602,568.63,342315.26,25,13.24,296992.72
2023-03-27,Antibiotic Capsule,South,587,124.34,72987.58,14,4.75,69520.67
2023-03-29,Antihistamine,South,712,242.87,172923.44,45,6.75,161251.11
2023-03-31,Diabetes Control,South,784,289.87,227258.08,5,14.51,194282.93
2023-03-31,Diabetes Control,West,294,79.7,23431.8,37,14.7,19987.33
2023-04-01,Antihistamine,South,370,68.01,25163.7,29,19.13,20349.88
2023-04-02,Antihistamine,Central,506,205.59,104028.54,24,1.02,102967.45
2023-04-02,Antacid Tablet,Central,343,493.14,169147.02,31,19.85,135571.34
2023-04-03,Antacid Tablet,West,88,246.91,21728.08,8,18.19,17775.74
2023-04-04,Antihistamine,Central,236,129.05,30455.8,44,7.99,28022.38
2023-04-05,Vitamin C,North,199,169.67,33764.33,21,5.95,31755.35
2023-04-05,Antacid Tablet,North,409,223.43,91382.87,43,12.43,80023.98
2023-04-06,Diabetes Control,North,91,155.02,14106.82,23,17.93,11577.47
2023-04-06,Antihistamine,South,230,163.47,37598.1,26,1.97,36857.42
2023-04-06,Vitamin C,North,76,63.68,4839.68,2,5.87,4555.59
2023-04-08,Vitamin C,North,657,449.54,295347.78,5,10.77,263538.82
2023-04-09,Antihistamine,North,769,372.35,286337.15,21,12.63,250172.77
2023-04-09,PainRelief Tablet,Central,655,309.67,202833.85,30,2.64,197479.04
2023-04-09,Cough Syrup,North,583,541.0,315403.0,5,9.63,285029.69
2023-04-09,Antibiotic Capsule,Central,534,337.86,180417.24,47,9.16,163891.02
2023-04-09,Antacid Tablet,East,45,419.42,18873.9,18,8.15,17335.68
2023-04-09,Antacid Tablet,Central,420,542.7,227934.0,20,3.03,221027.6
2023-04-09,Cough Syrup,West,556,136.38,75827.28,21,18.66,61677.91
2023-04-09,Antihistamine,North,51,426.45,21748.95,12,6.79,20272.2
2023-04-10,Vitamin C,West,641,106.57,68311.37,16,2.8,66398.65
2023-04-10,Antihistamine,South,730,540.89,394849.7,28,1.67,388255.71
2023-04-13,Antihistamine,Central,446,74.35,33160.1,8,5.93,31193.71
2023-04-13,Antibiotic Capsule,South,605,535.95,324249.75,43,9.66,292927.22
2023-04-13,Antacid Tablet,West,570,582.98,332298.6,36,18.08,272219.01
2023-04-14,Antihistamine,West,679,346.24,235096.96,31,12.96,204628.39
2023-04-14,Antibiotic Capsule,East,699,122.98,85963.02,0,8.28,78845.28
2023-04-15,Antacid Tablet,South,437,523.26,228664.62,36,8.38,209502.52
2023-04-16,Cough Syrup,East,104,69.06,7182.24,46,19.79,5760.87
2023-04-16,Antacid Tablet,South,472,499.54,235782.88,19,6.75,219867.54
2023-04-16,Antacid Tablet,North,99,430.74,42643.26,3,6.61,39824.54
2023-04-17,Antibiotic Capsule,West,528,282.57,149196.96,40,14.79,127130.73
2023-04-17,PainRelief Tablet,Central,465,92.46,42993.9,20,1.01,42559.66
2023-04-19,Vitamin C,Central,208,249.03,51798.24,23,14.4,44339.29
2023-04-21,PainRelief Tablet,Central,151,292.27,44132.77,21,2.14,43188.33
2023-04-22,Antibiotic Capsule,South,272,354.09,96312.48,19,18.81,78196.1
2023-04-23,Antacid Tablet,Central,211,452.27,95428.97,10,13.45,82593.77
2023-04-23,Cough Syrup,Central,585,531.48,310915.8,33,2.57,302925.26
2023-04-23,Antibiotic Capsule,West,443,95.93,42496.99,11,10.64,37975.31
2023-04-25,PainRelief Tablet,South,118,589.87,69604.66,46,5.23,65964.34
2023-04-26,PainRelief Tablet,South,515,90.8,46762.0,4,12.88,40739.05
2023-04-27,Cough Syrup,West,301,498.09,149925.09,14,12.84,130674.71
2023-04-27,Diabetes Control,East,30,471.62,14148.6,34,16.05,11877.75
2023-04-28,Diabetes Control,West,153,343.78,52598.34,0,11.99,46291.8
2023-04-28,Vitamin C,Central,450,562.55,253147.5,37,3.8,243527.9
2023-04-29,Antihistamine,East,287,535.25,153616.75,39,10.16,138009.29
2023-04-30,Antacid Tablet,West,666,466.21,310495.86,14,8.01,285625.14
2023-04-30,Antihistamine,North,302,398.76,120425.52,10,7.64,111225.01
2023-05-01,Vitamin C,North,412,234.3,96531.6,9,13.82,83190.93
2023-05-02,Diabetes Control,East,436,332.57,145000.52,45,4.52,138446.5
2023-05-02,Cough Syrup,West,766,458.19,350973.54,25,13.94,302047.83
2023-05-03,Antihistamine,North,228,359.56,81979.68,7,11.71,72379.86
2023-05-04,Antihistamine,West,610,155.97,95141.7,35,0.83,94352.02
2023-05-05,Diabetes Control,South,406,93.23,37851.38,31,1.24,37382.02
2023-05-06,Antacid Tablet,North,647,48.86,31612.42,20,9.72,28539.69
2023-05-06,Antihistamine,North,571,345.53,197297.63,4,9.86,177844.08
2023-05-07,Vitamin C,Central,95,181.58,17250.1,11,8.22,15832.14
2023-05-08,Antihistamine,Central,648,595.77,386058.96,38,4.33,369342.61
2023-05-09,Antibiotic Capsule,Central,727,294.21,213890.67,31,8.58,195538.85
2023-05-10,Cough Syrup,North,719,362.2,260421.8,19,3.73,250708.07
2023-05-11,Cough Syrup,West,502,336.0,168672.0,34,4.6,160913.09
2023-05-11,Vitamin C,North,95,168.94,16049.3,17,13.16,13937.21
2023-05-11,Diabetes Control,Central,725,288.34,209046.5,39,15.05,177585.0
2023-05-12,Cough Syrup,West,78,168.34,13130.52,43,15.67,11072.97
2023-05-13,PainRelief Tablet,East,608,41.13,25007.04,46,4.41,23904.23
2023-05-13,Diabetes Control,West,586,47.49,27829.14,2,6.16,26114.86
2023-05-14,Antihistamine,West,197,279.4,55041.8,44,17.23,45558.1
2023-05-15,PainRelief Tablet,North,657,162.71,106900.47,15,11.9,94179.31
2023-05-15,Antihistamine,East,105,501.32,52638.6,18,9.57,47601.09
2023-05-18,PainRelief Tablet,East,695,269.45,187267.75,41,4.82,178241.44
2023-05-19,Antacid Tablet,West,565,334.72,189116.8,17,13.85,162924.12
2023-05-23,Vitamin C,East,756,152.62,115380.72,26,7.67,106531.02
2023-05-23,Cough Syrup,Central,505,182.97,92399.85,27,7.73,85257.34
2023-05-24,Antibiotic Capsule,South,579,349.89,202586.31,45,13.58,175075.09
2023-05-24,Cough Syrup,Central,203,120.61,24483.83,19,13.38,21207.89
2023-05-24,Antibiotic Capsule,West,343,504.67,173101.81,35,4.67,165017.96
2023-05-24,Antacid Tablet,North,72,194.69,14017.68,34,6.63,13088.31
2023-05-25,PainRelief Tablet,Central,480,176.49,84715.2,30,18.3,69212.32
2023-05-25,Antacid Tablet,Central,592,528.68,312978.56,43,4.98,297392.23
2023-05-26,Diabetes Control,West,448,272.13,121914.24,6,5.0,115818.53
2023-05-27,Vitamin C,West,190,366.04,69547.6,22,14.6,59393.65
2023-05-28,Cough Syrup,South,207,594.52,123065.64,21,7.3,114081.85
2023-05-29,Diabetes Control,South,138,521.5,71967.0,25,16.24,60279.56
2023-05-30,Cough Syrup,South,424,502.98,213263.52,49,1.42,210235.18
2023-05-31,Antacid Tablet,Central,562,91.57,51462.34,14,13.26,44638.43
2023-05-31,Antacid Tablet,West,693,446.35,309320.55,37,0.42,308021.4
2023-06-01,Diabetes Control,North,173,272.76,47187.48,39,9.03,42926.45
2023-06-02,Vitamin C,South,306,417.64,127797.84,17,9.55,115593.15
2023-06-03,Vitamin C,North,342,571.56,195473.52,20,1.45,192639.15
2023-06-03,Antihistamine,West,469,52.4,24575.6,15,0.71,24401.11
2023-06-04,Cough Syrup,South,604,460.99,278437.96,16,12.63,243271.25
2023-06-06,Antibiotic Capsule,East,555,273.03,151531.65,19,13.53,131029.42
2023-06-07,Antibiotic Capsule,Central,596,328.22,195619.12,21,8.11,179754.41
2023-06-09,Vitamin C,North,606,341.74,207094.44,33,19.39,166938.83
2023-06-09,PainRelief Tablet,West,643,109.65,70504.95,42,17.59,58103.13
2023-06-09,Antibiotic Capsule,West,429,195.93,84053.97,37,0.02,84037.16
2023-06-10,Antacid Tablet,East,684,100.98,69070.32,37,7.83,63662.11
2023-06-10,Antacid Tablet,South,549,288.84,158573.16,30,11.99,139560.24
2023-06-10,Vitamin C,West,396,207.12,82019.52,47,16.11,68806.18
2023-06-11,Cough Syrup,East,410,511.56,209739.6,42,16.47,175195.49
2023-06-12,Antacid Tablet,South,521,137.49,71632.29,22,2.76,69655.24
2023-06-12,PainRelief Tablet,North,412,335.25,138123.0,8,8.03,127031.72
2023-06-14,Cough Syrup,West,478,160.21,76580.38,36,13.43,66295.63
2023-06-15,Antacid Tablet,Central,654,111.34,72816.36,31,0.14,72714.42
2023-06-16,Antihistamine,South,260,597.0,155220.0,29,16.52,129577.66
2023-06-16,PainRelief Tablet,Central,631,498.29,314420.99,27,3.66,302913.18
2023-06-17,PainRelief Tablet,West,291,564.31,164214.21,9,6.07,154246.41
2023-06-17,Cough Syrup,South,102,106.36,10848.72,0,11.07,9647.77
2023-06-19,Antibiotic Capsule,West,759,343.51,260724.09,24,15.64,219946.84
2023-06-20,Antacid Tablet,North,153,117.9,18038.7,12,13.53,15598.06
2023-06-21,Vitamin C,South,626,492.52,308317.52,33,14.44,263796.47
2023-06-22,Antacid Tablet,East,485,552.54,267981.9,16,15.04,227677.42
2023-06-22,Antihistamine,East,411,550.25,226152.75,33,4.97,214912.96
2023-06-23,PainRelief Tablet,West,751,391.39,293933.89,39,12.91,255987.02
2023-06-25,Antibiotic Capsule,North,289,281.57,81373.73,16,12.1,71527.51
2023-06-26,Cough Syrup,South,64,588.22,37646.08,11,11.76,33218.9
2023-06-26,Antihistamine,Central,386,297.15,114699.9,0,11.91,101039.14
2023-06-27,Antihistamine,East,134,288.25,38625.5,16,0.94,38262.42
2023-06-29,Cough Syrup,South,530,468.24,248167.2,5,8.32,227519.69
2023-06-30,PainRelief Tablet,West,288,317.02,91301.76,11,16.29,76428.7
2023-07-01,Diabetes Control,North,433,406.24,175901.92,7,16.92,146139.32
2023-07-02,Cough Syrup,East,578,593.96,343308.88,34,1.2,339189.17
2023-07-03,Vitamin C,West,684,399.44,273216.96,45,9.57,247070.1
2023-07-03,Diabetes Control,South,184,402.75,74106.0,10,4.67,70645.25
2023-07-05,Cough Syrup,South,377,416.35,156963.95,48,0.98,155425.7
2023-07-06,Cough Syrup,South,160,125.3,20048.0,36,9.96,18051.22
2023-07-07,PainRelief Tablet,East,148,347.43,51419.64,49,19.58,41351.67
2023-07-08,Antibiotic Capsule,East,545,190.65,103904.25,42,3.58,100184.48
2023-07-09,PainRelief Tablet,South,103,349.16,35963.48,45,14.58,30720.0
2023-07-09,Antibiotic Capsule,West,544,335.25,182376.0,34,3.87,175318.05
2023-07-09,Diabetes Control,East,601,297.6,178857.6,12,10.11,160775.1
2023-07-09,Cough Syrup,North,523,480.59,251348.57,41,6.63,234684.16
2023-07-09,PainRelief Tablet,North,297,479.52,142417.44,26,17.23,117878.92
2023-07-10,PainRelief Tablet,South,249,58.27,14509.23,24,7.62,13403.63
2023-07-10,PainRelief Tablet,South,362,327.62,118598.44,14,12.91,103287.38
2023-07-11,Cough Syrup,North,505,251.11,126810.55,2,2.49,123652.97
2023-07-11,PainRelief Tablet,Central,690,75.36,51998.4,11,12.71,45389.4
2023-07-11,PainRelief Tablet,East,284,86.99,24705.16,39,12.51,21614.54
2023-07-11,Antibiotic Capsule,North,59,41.77,2464.43,32,3.23,2384.83
2023-07-13,PainRelief Tablet,West,496,446.41,221419.36,10,19.31,178663.28
2023-07-14,Antibiotic Capsule,East,633,297.02,188013.66,38,17.44,155224.08
2023-07-14,Cough Syrup,West,230,380.71,87563.3,12,12.7,76442.76
2023-07-14,Diabetes Control,Central,398,435.72,173416.56,41,2.48,169115.83
2023-07-15,Cough Syrup,North,704,242.82,170945.28,9,1.54,168312.72
2023-07-15,Diabetes Control,West,232,178.61,41437.52,11,11.99,36469.16
2023-07-17,Vitamin C,Central,342,418.32,143065.44,27,11.71,126312.48
2023-07-20,PainRelief Tablet,East,147,503.75,74051.25,14,18.84,60099.99
2023-07-20,Antibiotic Capsule,Central,571,444.16,253615.36,0,18.58,206493.63
2023-07-20,Cough Syrup,West,111,203.04,22537.44,31,16.4,18841.3
2023-07-21,Antibiotic Capsule,West,161,175.65,28279.65,24,11.12,25134.95
2023-07-22,Antibiotic Capsule,North,501,165.03,82680.03,10,2.16,80894.14
2023-07-22,Antihistamine,West,269,270.35,72724.15,37,17.17,60237.41
2023-07-23,Cough Syrup,Central,144,95.01,13681.44,40,19.56,11005.35
2023-07-24,Antacid Tablet,West,274,514.84,141066.16,18,18.11,115519.08
2023-07-25,Antihistamine,East,447,196.99,88054.53,2,11.56,77875.43
2023-07-26,Cough Syrup,Central,332,360.21,119589.72,32,1.39,117927.42
2023-07-26,Antihistamine,Central,456,474.83,216522.48,22,17.32,179020.79
2023-07-27,PainRelief Tablet,South,86,318.49,27390.14,47,3.24,26502.7
2023-08-01,Antacid Tablet,South,474,480.93,227960.82,16,6.26,213690.47
2023-08-02,Diabetes Control,South,562,258.82,145456.84,13,3.35,140584.04
2023-08-03,Cough Syrup,West,223,105.56,23539.88,3,17.18,19495.73
2023-08-03,PainRelief Tablet,South,73,287.09,20957.57,47,18.61,17057.37
2023-08-04,Diabetes Control,West,549,288.56,158419.44,17,19.63,127321.7
2023-08-05,Antibiotic Capsule,Central,78,255.49,19928.22,35,15.7,16799.49
2023-08-05,Diabetes Control,East,796,594.6,473301.6,40,15.0,402306.36
2023-08-05,Antibiotic Capsule,South,682,285.5,194711.0,10,5.38,184235.55
2023-08-05,Antihistamine,West,302,511.65,154518.3,11,2.52,150624.44
2023-08-06,Vitamin C,Central,142,502.96,71420.32,49,17.81,58700.36
2023-08-06,Antihistamine,West,766,489.97,375317.02,48,3.62,361730.54
2023-08-08,PainRelief Tablet,South,373,277.87,103645.51,24,16.18,86875.67
2023-08-08,Antacid Tablet,East,648,466.89,302544.72,37,14.01,260158.2
2023-08-08,Vitamin C,Central,580,136.37,79094.6,49,17.49,65260.95
2023-08-08,Antacid Tablet,West,101,139.62,14101.62,15,0.81,13987.4
2023-08-11,Vitamin C,North,731,415.79,303942.49,18,10.97,270600.0
2023-08-11,Vitamin C,South,435,334.42,145472.7,47,17.95,119360.35
2023-08-12,Cough Syrup,West,264,47.42,12518.88,42,1.47,12334.85
2023-08-13,Antihistamine,South,733,272.85,199999.05,42,15.6,168799.2
2023-08-13,Antacid Tablet,South,279,189.66,52915.14,9,17.46,43676.16
2023-08-13,Cough Syrup,West,393,69.23,27207.39,16,7.6,25139.63
2023-08-14,Diabetes Control,West,207,169.94,35177.58,38,11.73,31051.25
2023-08-15,Antacid Tablet,East,733,296.81,217561.73,39,16.27,182164.44
2023-08-15,PainRelief Tablet,North,132,506.84,66902.88,13,14.84,56974.49
2023-08-17,Antibiotic Capsule,South,330,529.28,174662.4,16,2.63,170068.78
2023-08-17,Antihistamine,West,508,382.35,194233.8,4,0.2,193845.33
2023-08-18,PainRelief Tablet,South,243,249.19,60553.17,22,4.19,58015.99
2023-08-18,PainRelief Tablet,Central,583,573.62,334420.46,18,3.03,324287.52
2023-08-19,Diabetes Control,East,435,264.81,115192.35,40,0.9,114155.62
2023-08-19,PainRelief Tablet,East,588,512.78,301514.64,29,18.01,247211.85
2023-08-19,PainRelief Tablet,Central,49,458.79,22480.71,26,3.93,21597.22
2023-08-19,Antacid Tablet,South,78,144.17,11245.26,15,8.04,10341.14
2023-08-21,Vitamin C,Central,94,154.49,14522.06,47,1.76,14266.47
2023-08-21,Diabetes Control,North,372,320.04,119054.88,46,14.35,101970.5
2023-08-21,Antihistamine,East,437,477.93,208855.41,19,19.75,167606.47
2023-08-21,Cough Syrup,North,408,346.9,141535.2,46,18.18,115804.1
2023-08-21,Antibiotic Capsule,Central,543,426.4,231535.2,21,1.24,228664.16
2023-08-22,Antacid Tablet,West,217,422.03,91580.51,46,12.14,80462.64
2023-08-23,Antibiotic Capsule,West,191,291.49,55674.59,26,10.0,50107.13
2023-08-24,Antibiotic Capsule,West,177,104.0,18408.0,28,6.82,17152.57
2023-08-25,PainRelief Tablet,West,220,462.14,101670.8,10,4.74,96851.6
2023-08-27,Cough Syrup,North,340,205.73,69948.2,49,13.26,60673.07
2023-08-27,PainRelief Tablet,South,329,128.86,42394.94,41,6.21,39762.21
2023-08-29,PainRelief Tablet,Central,689,418.08,288057.12,29,2.87,279789.88
2023-08-30,Diabetes Control,Central,416,235.38,97918.08,31,8.81,89291.5
2023-08-30,Antihistamine,West,529,78.66,41611.14,13,7.21,38610.98
2023-08-31,Antibiotic Capsule,North,529,418.62,221449.98,35,4.36,211794.76
2023-09-01,Vitamin C,East,253,226.71,57357.63,12,17.91,47084.88
2023-09-03,Antibiotic Capsule,West,191,165.94,31694.54,12,10.82,28265.19
2023-09-04,Antihistamine,Central,232,231.41,53687.12,22,2.51,52339.57
2023-09-04,Vitamin C,Central,562,309.85,174135.7,31,9.5,157592.81
2023-09-06,PainRelief Tablet,North,526,256.51,134924.26,46,10.89,120231.01
2023-09-06,Antihistamine,West,417,153.92,64184.64,39,6.91,59749.48
2023-09-07,PainRelief Tablet,East,697,569.26,396774.22,34,19.89,317855.83
2023-09-08,Antacid Tablet,North,379,332.1,125865.9,47,17.6,103713.5
2023-09-09,PainRelief Tablet,South,219,415.58,91012.02,38,7.4,84277.13
2023-09-09,Vitamin C,North,498,523.5,260703.0,10,19.84,208979.52
2023-09-10,Antibiotic Capsule,East,464,256.28,118913.92,10,5.48,112397.44
2023-09-10,Antihistamine,Central,466,390.02,181749.32,23,5.22,172262.01
2023-09-10,Antibiotic Capsule,North,291,390.11,113522.01,39,8.21,104201.85
2023-09-10,Diabetes Control,East,113,249.17,28156.21,34,0.21,28097.08
2023-09-10,Cough Syrup,South,140,57.24,8013.6,42,5.36,7584.07
2023-09-10,Vitamin C,West,158,72.31,11424.98,40,1.09,11300.45
2023-09-11,PainRelief Tablet,Central,640,140.97,90220.8,8,1.23,89111.08
2023-09-11,Cough Syrup,South,639,493.52,315359.28,30,18.69,256418.63
2023-09-11,Antacid Tablet,South,383,119.62,45814.46,39,16.08,38447.49
2023-09-13,Antacid Tablet,Central,642,194.31,124747.02,20,18.05,102230.18
2023-09-13,Diabetes Control,North,658,218.42,143720.36,18,7.38,133113.8
2023-09-14,Antihistamine,Central,512,211.87,108477.44,33,7.55,100287.39
2023-09-15,Antacid Tablet,South,299,48.99,14648.01,25,3.17,14183.67
2023-09-16,PainRelief Tablet,East,667,485.89,324088.63,26,0.26,323246.0
2023-09-16,Diabetes Control,Central,702,157.62,110649.24,5,14.41,94704.68
2023-09-20,Antibiotic Capsule,Central,57,216.48,12339.36,23,14.04,10606.91
2023-09-21,Antibiotic Capsule,West,306,561.37,171779.22,47,10.83,153175.53
2023-09-22,Diabetes Control,West,330,81.46,26881.8,0,10.36,24096.85
2023-09-25,Antihistamine,West,249,509.43,126848.07,29,16.25,106235.26
2023-09-25,Diabetes Control,West,222,589.04,130766.88,49,7.84,120514.76
2023-09-25,PainRelief Tablet,North,356,280.57,99882.92,45,11.51,88386.4
2023-09-26,PainRelief Tablet,East,336,45.65,15338.4,29,10.37,13747.81
2023-09-27,Vitamin C,South,49,307.83,15083.67,19,15.59,12732.13
2023-09-28,PainRelief Tablet,West,492,327.23,160997.16,5,11.0,143287.47
2023-09-28,Antibiotic Capsule,West,565,121.31,68540.15,47,0.32,68320.82
2023-09-29,Antihistamine,East,608,51.58,31360.64,38,1.94,30752.24
2023-09-30,Antibiotic Capsule,Central,213,473.25,100802.25,26,2.65,98130.99
2023-09-30,Antibiotic Capsule,South,690,222.14,153276.6,43,18.26,125288.29
2023-10-01,Antacid Tablet,South,588,195.94,115212.72,46,1.38,113622.78
2023-10-01,Antihistamine,East,760,90.29,68620.4,47,13.46,59384.09
2023-10-04,Diabetes Control,North,651,531.67,346117.17,41,18.83,280943.31
2023-10-04,Antacid Tablet,South,137,398.51,54595.87,37,11.44,48350.1
2023-10-04,Cough Syrup,South,456,296.61,135254.16,7,16.57,112842.55
2023-10-04,Antihistamine,North,242,267.74,64793.08,34,4.18,62084.73
2023-10-06,PainRelief Tablet,South,498,376.62,187556.76,11,8.59,171445.63
2023-10-07,Diabetes Control,Central,483,544.77,263123.91,31,19.01,213104.05
2023-10-07,Antibiotic Capsule,Central,521,347.09,180833.89,9,1.14,178772.38
2023-10-08,Diabetes Control,Central,737,448.37,330448.69,10,2.45,322352.7
2023-10-09,Antacid Tablet,West,242,270.21,65390.82,34,8.3,59963.38
2023-10-10,PainRelief Tablet,North,611,527.07,322039.77,44,14.24,276181.31
2023-10-10,Diabetes Control,North,630,472.93,297945.9,30,18.79,241961.87
2023-10-11,Cough Syrup,North,336,577.69,194103.84,12,9.54,175586.33
2023-10-12,Diabetes Control,Central,404,573.38,231645.52,47,14.85,197246.16
2023-10-12,Antibiotic Capsule,Central,430,436.75,187802.5,21,4.81,178769.2
2023-10-15,Antihistamine,South,553,585.65,323864.45,48,16.0,272046.14
2023-10-16,Antacid Tablet,West,632,69.06,43645.92,1,16.65,36378.87
2023-10-16,Vitamin C,North,89,107.17,9538.13,22,2.62,9288.23
2023-10-21,Antibiotic Capsule,South,695,411.28,285839.6,29,1.72,280923.16
2023-10-23,Vitamin C,West,231,203.81,47080.11,33,4.21,45098.04
2023-10-25,Vitamin C,Central,602,541.8,326163.6,39,1.14,322445.33
2023-10-28,Vitamin C,Central,730,597.91,436474.3,27,3.97,419146.27
2023-10-29,Diabetes Control,East,149,419.21,62462.29,7,11.28,55416.54
2023-10-29,Antibiotic Capsule,South,416,574.71,239079.36,2,1.72,234967.2
2023-10-30,Antacid Tablet,South,128,375.87,48111.36,20,7.05,44719.51
2023-10-30,Antacid Tablet,North,448,572.81,256618.88,44,17.23,212403.45
2023-10-31,Vitamin C,West,558,399.98,223188.84,0,8.25,204775.76
2023-11-01,PainRelief Tablet,Central,754,237.46,179044.84,17,11.16,159063.44
2023-11-01,Antihistamine,Central,699,479.65,335275.35,7,9.51,303390.66
2023-11-02,Antihistamine,North,717,533.68,382648.56,22,4.97,363630.93
2023-11-02,Cough Syrup,South,597,285.89,170676.33,17,0.78,169345.05
2023-11-04,Antibiotic Capsule,South,60,529.54,31772.4,14,14.13,27282.96
2023-11-05,PainRelief Tablet,South,732,371.19,271711.08,37,9.85,244947.54
2023-11-08,Cough Syrup,Central,688,396.59,272853.92,25,2.92,264886.59
2023-11-10,Diabetes Control,East,157,214.66,33701.62,19,3.08,32663.61
2023-11-10,Antacid Tablet,Central,479,66.68,31939.72,28,11.48,28273.04
2023-11-12,Cough Syrup,Central,42,231.4,9718.8,37,3.13,9414.6
2023-11-12,Vitamin C,Central,799,557.75,445642.25,3,17.73,366629.88
2023-11-14,Cough Syrup,West,211,452.77,95534.47,36,1.7,93910.38
2023-11-17,Vitamin C,North,695,467.34,324801.3,46,1.6,319604.48
2023-11-19,PainRelief Tablet,South,787,514.47,404887.89,44,16.53,337959.92
2023-11-19,Vitamin C,North,717,388.34,278439.78,19,7.66,257111.29
2023-11-21,PainRelief Tablet,Central,536,310.2,166267.2,37,2.7,161777.99
2023-11-22,Cough Syrup,North,628,543.69,341437.32,25,13.79,294353.11
2023-11-23,Cough Syrup,West,718,327.13,234879.34,29,8.11,215830.63
2023-11-26,Antihistamine,West,514,268.92,138224.88,22,16.57,115321.02
2023-11-26,PainRelief Tablet,North,392,197.29,77337.68,16,3.74,74445.25
2023-11-27,Diabetes Control,Central,455,102.15,46478.25,39,1.89,45599.81
2023-11-27,Antibiotic Capsule,East,490,379.22,185817.8,5,1.91,182268.68
2023-12-01,Cough Syrup,South,405,337.68,136760.4,36,4.7,130332.66
2023-12-01,Vitamin C,North,469,430.47,201890.43,31,19.84,161835.37
2023-12-02,Cough Syrup,Central,453,547.68,248099.04,21,2.66,241499.61
2023-12-03,Diabetes Control,South,309,343.32,106085.88,34,10.94,94480.08
2023-12-04,PainRelief Tablet,Central,86,52.34,4501.24,4,17.31,3722.08
2023-12-04,Antihistamine,East,627,354.32,222158.64,45,11.13,197432.38
2023-12-04,Antacid Tablet,West,561,116.72,65479.92,12,12.04,57596.14
2023-12-05,Antibiotic Capsule,North,122,318.9,38905.8,37,11.5,34431.63
2023-12-06,Antihistamine,West,631,500.28,315676.68,48,1.62,310562.72
2023-12-06,PainRelief Tablet,North,786,306.54,240940.44,28,2.69,234459.14
2023-12-07,Vitamin C,West,248,516.26,128032.48,23,14.62,109314.13
2023-12-08,Antacid Tablet,South,171,87.21,14912.91,47,8.55,13637.86
2023-12-08,Vitamin C,East,486,473.39,230067.54,29,17.56,189667.68
2023-12-08,Antacid Tablet,East,713,292.07,208245.91,22,3.97,199978.55
2023-12-10,Vitamin C,Central,659,491.69,324023.71,17,8.84,295380.01
2023-12-10,Vitamin C,South,365,525.48,191800.2,10,11.51,169724.0
2023-12-12,Antibiotic Capsule,East,627,43.17,27067.59,23,13.43,23432.41
2023-12-12,Antacid Tablet,South,318,381.39,121282.02,8,0.08,121184.99
2023-12-12,Cough Syrup,South,583,236.11,137652.13,29,17.76,113205.11
2023-12-12,Diabetes Control,East,710,589.73,418708.3,43,13.51,362140.81
2023-12-12,Cough Syrup,Central,474,73.44,34810.56,37,16.2,29171.25
2023-12-14,Cough Syrup,South,610,41.61,25382.1,16,13.0,22082.43
2023-12-14,Antibiotic Capsule,Central,361,443.52,160110.72,19,7.26,148486.68
2023-12-14,Antihistamine,West,733,198.65,145610.45,41,13.65,125734.62
2023-12-14,Antibiotic Capsule,West,641,154.05,98746.05,6,7.5,91340.1
2023-12-15,Vitamin C,North,334,564.93,188686.62,3,6.16,177063.52
2023-12-15,Vitamin C,North,297,126.13,37460.61,34,0.44,37295.78
2023-12-16,PainRelief Tablet,Central,388,379.03,147063.64,29,15.93,123636.4
2023-12-16,Antihistamine,North,721,444.95,320808.95,43,3.4,309901.45
2023-12-20,Vitamin C,North,294,372.53,109523.82,15,7.96,100805.72
2023-12-23,PainRelief Tablet,South,587,159.5,93626.5,18,17.33,77401.03
2023-12-24,Cough Syrup,North,688,557.46,383532.48,24,16.59,319904.44
2023-12-25,Antihistamine,East,772,462.25,356857.0,22,10.81,318280.76
2023-12-26,Antibiotic Capsule,East,116,289.98,33637.68,21,3.29,32531.0
2023-12-27,Diabetes Control,Central,70,535.58,37490.6,46,2.93,36392.13
2023-12-29,Antibiotic Capsule,West,296,502.51,148742.96,42,12.51,130135.22
2023-12-31,Antacid Tablet,Central,546,576.76,314910.96,15,15.5,266099.76
2023-12-31,Diabetes Control,West,256,581.55,148876.8,12,8.66,135984.07
2023-12-31,Cough Syrup,West,453,538.43,243908.79,8,6.24,228688.88
2024-01-02,PainRelief Tablet,West,617,426.28,263014.76,24,12.99,228849.14
2024-01-02,Diabetes Control,West,595,535.28,318491.6,35,3.12,308554.66
2024-01-04,Antihistamine,South,605,105.07,63567.35,48,17.81,52246.0
2024-01-04,Diabetes Control,East,587,593.09,348143.83,21,2.4,339788.38
2024-01-05,Antihistamine,West,367,284.99,104591.33,32,4.92,99445.44
2024-01-08,Diabetes Control,North,687,302.93,208112.91,30,10.98,185262.11
2024-01-08,Antibiotic Capsule,East,133,177.65,23627.45,7,18.72,19204.39
2024-01-08,Vitamin C,West,450,446.4,200880.0,39,17.41,165906.79
2024-01-08,Antibiotic Capsule,West,113,480.45,54290.85,46,16.78,45180.85
2024-01-09,Antibiotic Capsule,West,110,233.08,25638.8,23,2.77,24928.61
2024-01-09,Antihistamine,West,625,87.79,54868.75,14,1.9,53826.24
2024-01-09,Diabetes Control,Central,153,567.83,86877.99,0,5.96,81700.06
2024-01-10,PainRelief Tablet,West,789,449.99,355042.11,16,18.16,290566.46
2024-01-11,Vitamin C,East,97,270.53,26241.41,33,14.69,22386.55
2024-01-12,Antihistamine,West,385,247.85,95422.25,15,0.0,95422.25
2024-01-14,Diabetes Control,Central,348,553.4,192583.2,40,12.12,169242.12
2024-01-15,Diabetes Control,North,612,162.79,99627.48,3,13.48,86197.7
2024-01-15,PainRelief Tablet,South,455,353.03,160628.65,40,13.38,139136.54
2024-01-19,Cough Syrup,North,453,454.49,205883.97,29,8.01,189392.66
2024-01-20,PainRelief Tablet,Central,306,206.2,63097.2,46,15.04,53607.38
2024-01-20,Antihistamine,South,290,443.01,128472.9,6,2.36,125440.94
2024-01-20,Diabetes Control,South,470,163.09,76652.3,31,10.0,68987.07
2024-01-21,PainRelief Tablet,North,442,73.3,32398.6,10,10.6,28964.35
2024-01-21,Antacid Tablet,West,562,575.54,323453.48,32,11.97,284736.1
2024-01-21,Antibiotic Capsule,West,313,292.43,91530.59,10,7.63,84546.81
2024-01-21,Vitamin C,Central,661,571.35,377662.35,18,6.11,354587.18
2024-01-22,Vitamin C,South,426,316.36,134769.36,0,18.9,109297.95
2024-01-22,Antibiotic Capsule,North,429,57.6,24710.4,45,8.05,22721.21
2024-01-23,PainRelief Tablet,South,49,211.44,10360.56,20,9.35,9391.85
2024-01-23,PainRelief Tablet,South,95,41.3,3923.5,34,16.49,3276.51
2024-01-24,Antibiotic Capsule,West,698,468.29,326866.42,38,8.88,297840.68
2024-01-25,Vitamin C,South,483,192.04,92755.32,16,10.89,82654.27
2024-01-25,Antacid Tablet,Central,784,393.97,308872.48,18,8.22,283483.16
2024-01-27,Antihistamine,West,755,332.62,251128.1,17,11.05,223378.44
2024-01-27,Antibiotic Capsule,East,623,209.79,130699.17,20,14.94,111172.71
2024-01-28,Vitamin C,Central,512,192.01,98309.12,32,9.79,88684.66
2024-01-28,PainRelief Tablet,North,298,420.55,125323.9,14,19.16,101311.84
2024-01-28,Cough Syrup,East,312,566.2,176654.4,48,15.32,149590.95
2024-01-28,Antibiotic Capsule,East,792,525.27,416013.84,47,10.01,374370.85
2024-01-29,Antibiotic Capsule,North,661,178.39,117915.79,25,9.43,106796.33
2024-01-31,Cough Syrup,Central,757,146.3,110749.1,3,12.31,97115.89
2024-01-31,Antacid Tablet,South,688,558.29,384103.52,20,0.4,382567.11
2024-02-01,Diabetes Control,South,662,166.97,110534.14,39,0.5,109981.47
2024-02-01,Diabetes Control,West,230,587.18,135051.4,30,4.94,128379.86
2024-02-02,Cough Syrup,North,773,319.01,246594.73,6,14.69,210369.96
2024-02-02,Cough Syrup,West,569,366.79,208703.51,42,4.62,199061.41
2024-02-02,Antacid Tablet,South,505,356.39,179976.95,49,11.28,159675.55
2024-02-04,Diabetes Control,North,674,537.78,362463.72,38,3.27,350611.16
2024-02-05,PainRelief Tablet,East,459,48.68,22344.12,42,1.36,22040.24
2024-02-05,PainRelief Tablet,Central,410,554.86,227492.6,3,11.54,201239.95
2024-02-05,Antibiotic Capsule,Central,455,358.13,162949.15,28,10.83,145301.76
2024-02-05,Cough Syrup,South,231,420.18,97061.58,33,13.51,83948.56
2024-02-06,Antihistamine,North,182,479.03,87183.46,45,3.38,84236.66
2024-02-06,Antihistamine,North,727,526.61,382845.47,42,4.03,367416.8
2024-02-07,Cough Syrup,South,413,305.1,126006.3,17,17.96,103375.57
2024-02-07,Antibiotic Capsule,West,765,505.57,386761.05,17,19.11,312851.01
2024-02-07,Diabetes Control,East,562,113.65,63871.3,14,14.6,54546.09
2024-02-08,Antihistamine,East,127,64.96,8249.92,11,19.95,6604.06
2024-02-09,Antacid Tablet,South,334,67.25,22461.5,18,10.24,20161.44
2024-02-09,Vitamin C,East,467,343.17,160260.39,3,10.26,143817.67
2024-02-11,Cough Syrup,North,739,560.9,414505.1,25,13.96,356640.19
2024-02-11,Cough Syrup,South,48,145.86,7001.28,14,1.63,6887.16
2024-02-12,Vitamin C,West,780,102.65,80067.0,33,14.19,68705.49
2024-02-12,Antacid Tablet,North,276,510.21,140817.96,44,1.19,139142.23
2024-02-13,Antihistamine,South,586,203.24,119098.64,37,6.24,111666.88
2024-02-15,Antacid Tablet,North,342,561.25,191947.5,34,11.31,170238.24
2024-02-17,Diabetes Control,North,737,147.2,108486.4,24,5.71,102291.83
2024-02-18,Diabetes Control,North,52,597.83,31087.16,7,7.89,28634.38
2024-02-19,Antibiotic Capsule,Central,165,432.49,71360.85,25,15.03,60635.31
2024-02-19,Cough Syrup,East,602,387.05,233004.1,9,6.32,218278.24
2024-02-19,Antihistamine,East,718,370.53,266040.54,12,3.37,257074.97
2024-02-20,Antihistamine,East,789,225.98,178298.22,43,3.92,171308.93
2024-02-21,Antacid Tablet,North,92,310.07,28526.44,27,9.43,25836.4
2024-02-22,Vitamin C,North,405,516.38,209133.9,8,2.66,203570.94
2024-02-23,Diabetes Control,North,217,355.44,77130.48,4,1.2,76204.91
2024-02-24,Antacid Tablet,North,323,560.05,180896.15,12,13.19,157035.95
2024-02-24,Antihistamine,West,543,563.6,306034.8,2,0.48,304565.83
2024-02-26,Diabetes Control,Central,354,164.26,58148.04,3,19.74,46669.62
2024-02-26,Diabetes Control,West,470,412.4,193828.0,44,14.59,165548.49
2024-02-26,Cough Syrup,West,600,466.08,279648.0,16,8.84,254927.12
2024-03-02,PainRelief Tablet,Central,313,339.2,106169.6,18,7.16,98567.86
2024-03-03,Vitamin C,East,238,98.47,23435.86,14,19.55,18854.15
2024-03-07,Vitamin C,Central,280,110.07,30819.6,10,6.68,28760.85
2024-03-10,Antacid Tablet,Central,424,268.55,113865.2,45,19.78,91342.66
2024-03-10,Cough Syrup,North,233,461.48,107524.84,41,17.15,89084.33
2024-03-10,Diabetes Control,East,331,112.77,37326.87,39,7.0,34713.99
2024-03-11,Vitamin C,East,242,571.5,138303.0,21,7.49,127944.11
2024-03-12,PainRelief Tablet,Central,458,108.04,49482.32,3,18.41,40372.62
2024-03-13,Vitamin C,West,225,317.59,71457.75,9,1.08,70686.01
2024-03-13,Antacid Tablet,South,465,518.36,241037.4,13,1.61,237156.7
2024-03-14,Vitamin C,Central,177,453.85,80331.45,39,19.27,64851.58
2024-03-16,Cough Syrup,Central,549,120.86,66352.14,34,17.46,54767.06
2024-03-17,Vitamin C,East,249,175.46,43689.54,16,19.91,34990.95
2024-03-17,Antacid Tablet,West,688,347.61,239155.68,27,10.39,214307.4
2024-03-19,Diabetes Control,Central,617,65.43,40370.31,29,0.88,40015.05
2024-03-20,PainRelief Tablet,South,584,154.25,90082.0,12,17.94,73921.29
2024-03-20,Antibiotic Capsule,West,509,366.02,186304.18,22,1.63,183267.42
2024-03-21,Antacid Tablet,Central,104,528.02,54914.08,38,8.61,50185.98
2024-03-22,Vitamin C,North,515,300.43,154721.45,17,1.95,151704.38
2024-03-22,Antibiotic Capsule,Central,172,190.55,32774.6,16,13.55,28333.64
2024-03-24,Antibiotic Capsule,South,589,420.23,247515.47,44,2.38,241624.6
2024-03-25,Cough Syrup,North,634,83.48,52926.32,35,6.88,49284.99
2024-03-25,Antibiotic Capsule,Central,154,456.13,70244.02,40,17.52,57937.27
2024-03-26,Cough Syrup,East,392,83.2,32614.4,46,2.18,31903.41
2024-03-28,Diabetes Control,West,239,140.91,33677.49,7,8.19,30919.3
2024-03-28,Cough Syrup,Central,297,518.92,154119.24,37,16.57,128581.68
2024-03-28,Vitamin C,Central,227,228.91,51962.57,41,2.41,50710.27
2024-03-30,Antibiotic Capsule,East,372,379.07,141014.04,24,4.28,134978.64
2024-03-30,Vitamin C,Central,41,432.02,17712.82,31,19.77,14211.0
2024-03-31,Antacid Tablet,East,256,437.66,112040.96,18,16.37,93699.85
2024-03-31,PainRelief Tablet,West,212,226.5,48018.0,36,15.29,40676.05
2024-03-31,Diabetes Control,North,670,261.05,174903.5,8,19.15,141409.48
2024-04-01,Antacid Tablet,Central,201,459.66,92391.66,23,3.36,89287.3
2024-04-01,Cough Syrup,Central,156,239.28,37327.68,19,1.83,36644.58
2024-04-02,PainRelief Tablet,South,217,214.16,46472.72,44,4.39,44432.57
2024-04-03,Diabetes Control,Central,307,554.49,170228.43,24,9.0,154907.87
2024-04-04,Antibiotic Capsule,North,476,47.95,22824.2,12,1.59,22461.3
2024-04-04,Diabetes Control,Central,310,174.61,54129.1,26,15.2,45901.48
2024-04-05,Vitamin C,South,430,276.54,118912.2,11,6.82,110802.39
2024-04-05,PainRelief Tablet,West,252,280.58,70706.16,5,16.41,59103.28
2024-04-05,Diabetes Control,South,406,493.22,200247.32,42,15.51,169188.96
2024-04-06,Antibiotic Capsule,North,510,566.65,288991.5,28,13.28,250613.43
2024-04-06,Diabetes Control,East,183,413.44,75659.52,22,0.8,75054.24
2024-04-08,Vitamin C,East,759,437.68,332199.12,21,5.05,315423.06
2024-04-10,Antihistamine,East,97,249.02,24154.94,40,17.19,20002.71
2024-04-11,Cough Syrup,South,117,355.12,41549.04,49,16.35,34755.77
2024-04-13,Antihistamine,Central,634,281.01,178160.34,37,17.72,146590.33
2024-04-14,Diabetes Control,North,95,504.46,47923.7,44,11.32,42498.74
2024-04-15,PainRelief Tablet,Central,449,439.26,197227.74,21,12.09,173382.91
2024-04-15,Antacid Tablet,North,730,154.5,112785.0,48,4.05,108217.21
2024-04-16,Vitamin C,South,754,501.05,377791.7,45,3.54,364417.87
2024-04-16,Cough Syrup,North,529,350.61,185472.69,17,15.37,156965.54
2024-04-17,Diabetes Control,Central,622,154.79,96279.38,4,18.23,78727.65
2024-04-17,Diabetes Control,South,61,309.55,18882.55,26,19.09,15277.87
2024-04-17,Antibiotic Capsule,South,378,521.02,196945.56,19,2.07,192868.79
2024-04-18,Antibiotic Capsule,South,693,352.44,244240.92,1,2.82,237353.33
2024-04-18,Diabetes Control,South,553,161.65,89392.45,7,6.0,84028.9
2024-04-18,Antihistamine,East,675,108.34,73129.5,34,15.98,61443.41
2024-04-18,Antacid Tablet,South,753,541.78,407960.34,31,13.41,353252.86
2024-04-19,Antacid Tablet,South,391,163.62,63975.42,26,8.17,58748.63
2024-04-19,Diabetes Control,West,756,486.63,367892.28,35,18.14,301156.62
2024-04-20,PainRelief Tablet,West,687,271.95,186829.65,15,11.92,164559.56
2024-04-20,Antibiotic Capsule,Central,158,57.11,9023.38,44,7.84,8315.95
2024-04-20,Antacid Tablet,East,600,248.43,149058.0,39,17.14,123509.46
2024-04-21,Cough Syrup,East,535,355.46,190171.1,7,12.51,166380.7
2024-04-21,PainRelief Tablet,South,588,492.63,289666.44,31,10.33,259743.9
2024-04-21,PainRelief Tablet,East,240,43.41,10418.4,28,11.28,9243.2
2024-04-25,Antibiotic Capsule,North,463,199.88,92544.44,8,8.07,85076.1
2024-04-25,PainRelief Tablet,East,533,467.6,249230.8,31,12.6,217827.72
2024-04-28,Antihistamine,West,435,429.65,186897.75,14,9.17,169759.23
2024-04-29,Antacid Tablet,North,39,484.3,18887.7,10,8.23,17333.24
2024-04-29,Antibiotic Capsule,West,428,356.19,152449.32,27,10.51,136426.9
2024-04-29,Cough Syrup,East,424,500.12,212050.88,3,2.97,205752.97
2024-05-02,Antihistamine,South,669,272.1,182034.9,41,7.86,167726.96
2024-05-02,PainRelief Tablet,Central,701,270.64,189718.64,1,10.25,170272.48
2024-05-03,Diabetes Control,West,737,337.21,248523.77,30,9.32,225361.35
2024-05-04,Antacid Tablet,North,138,168.07,23193.66,35,15.69,19554.57
2024-05-04,Antibiotic Capsule,Central,240,443.57,106456.8,24,16.99,88369.79
2024-05-06,Cough Syrup,East,48,306.83,14727.84,1,6.69,13742.55
2024-05-06,Diabetes Control,Central,116,472.49,54808.84,21,6.25,51383.29
2024-05-07,Antacid Tablet,Central,545,58.85,32073.25,48,16.94,26640.04
2024-05-07,PainRelief Tablet,South,251,51.09,12823.59,13,0.13,12806.92
2024-05-10,Vitamin C,Central,782,223.15,174503.3,4,10.09,156895.92
2024-05-11,PainRelief Tablet,South,371,425.3,157786.3,48,17.47,130221.03
2024-05-11,Diabetes Control,East,415,594.45,246696.75,9,19.65,198220.84
2024-05-11,Antihistamine,West,183,478.02,87477.66,48,18.99,70865.65
2024-05-13,Diabetes Control,South,191,299.38,57181.58,22,4.67,54511.2
2024-05-13,Antibiotic Capsule,West,705,217.27,153175.35,15,13.9,131883.98
2024-05-14,Antacid Tablet,North,320,492.03,157449.6,1,12.9,137138.6
2024-05-15,PainRelief Tablet,South,768,131.18,100746.24,30,10.27,90399.6
2024-05-16,Antibiotic Capsule,East,239,82.92,19817.88,6,5.41,18745.73
2024-05-17,Diabetes Control,Central,792,112.76,89305.92,19,11.54,79000.02
2024-05-17,PainRelief Tablet,West,733,97.54,71496.82,0,0.27,71303.78
2024-05-18,Antibiotic Capsule,West,108,573.69,61958.52,47,1.17,61233.61
2024-05-19,Diabetes Control,South,688,262.57,180648.16,20,10.01,162565.28
2024-05-19,Antacid Tablet,North,520,450.51,234265.2,48,5.95,220326.42
2024-05-20,Vitamin C,North,467,347.78,162413.26,20,0.28,161958.5
2024-05-20,Antihistamine,West,566,280.86,158966.76,45,15.27,134692.54
2024-05-20,Cough Syrup,Central,169,406.64,68722.16,47,6.7,64117.78
2024-05-20,Antacid Tablet,South,331,471.64,156112.84,29,18.37,127434.91
2024-05-22,PainRelief Tablet,North,714,299.34,213728.76,46,16.17,179168.82
2024-05-22,Diabetes Control,North,477,156.46,74631.42,31,11.11,66339.87
2024-05-22,Antibiotic Capsule,Central,156,181.88,28373.28,16,10.21,25476.37
2024-05-23,Cough Syrup,North,43,263.5,11330.5,42,15.88,9531.22
2024-05-24,Antibiotic Capsule,East,590,523.82,309053.8,25,12.98,268938.62
2024-05-24,Cough Syrup,West,299,437.25,130737.75,28,6.54,122187.5
2024-05-25,Vitamin C,West,194,346.3,67182.2,48,10.89,59866.06
2024-05-25,Antibiotic Capsule,South,454,416.12,188918.48,23,11.66,166890.59
2024-05-25,Vitamin C,West,323,482.08,155711.84,14,5.13,147723.82
2024-05-25,PainRelief Tablet,West,685,467.05,319929.25,9,1.13,316314.05
2024-05-25,Vitamin C,West,778,497.66,387179.48,39,4.64,369214.35
2024-05-26,PainRelief Tablet,East,193,490.66,94697.38,2,19.42,76307.15
2024-05-26,PainRelief Tablet,North,411,500.97,205898.67,12,8.84,187697.23
2024-05-27,Antacid Tablet,Central,483,267.22,129067.26,7,3.54,124498.28
2024-05-27,Cough Syrup,North,716,268.27,192081.32,48,16.73,159946.12
2024-05-27,Antibiotic Capsule,West,703,365.37,256855.11,46,15.39,217325.11
2024-05-30,Vitamin C,East,37,507.83,18789.71,27,5.54,17748.76
2024-05-30,Diabetes Control,North,625,323.74,202337.5,36,13.51,175001.7
2024-05-31,Antihistamine,East,409,385.66,157734.94,4,7.87,145321.2
2024-06-01,Antihistamine,South,239,265.55,63466.45,7,13.45,54930.21
2024-06-01,Antihistamine,East,136,233.33,31732.88,39,6.42,29695.63
2024-06-02,PainRelief Tablet,North,694,68.27,47379.38,2,19.53,38126.19
2024-06-03,PainRelief Tablet,East,64,63.99,4095.36,19,6.41,3832.85
2024-06-04,Antihistamine,West,770,443.08,341171.6,13,13.65,294601.68
2024-06-05,Antibiotic Capsule,Central,171,128.1,21905.1,27,13.84,18873.43
2024-06-07,PainRelief Tablet,North,372,331.8,123429.6,22,16.39,103199.49
2024-06-08,Cough Syrup,South,669,120.54,80641.26,22,12.09,70891.73
2024-06-08,Antibiotic Capsule,Central,591,479.75,283532.25,34,16.2,237600.03
2024-06-08,Cough Syrup,North,631,142.37,89835.47,48,5.92,84517.21
2024-06-09,Antacid Tablet,West,460,375.35,172661.0,14,16.98,143343.16
2024-06-09,Vitamin C,West,790,457.62,361519.8,16,18.96,292975.65
2024-06-09,Cough Syrup,East,642,347.63,223178.46,17,12.55,195169.56
2024-06-14,Antihistamine,North,733,56.52,41429.16,38,6.78,38620.26
2024-06-15,Diabetes Control,North,482,339.61,163692.02,5,5.05,155425.57
2024-06-17,Vitamin C,Central,518,98.06,50795.08,9,0.26,50663.01
2024-06-21,PainRelief Tablet,Central,600,222.75,133650.0,26,3.7,128704.95
2024-06-23,Antihistamine,South,231,349.89,80824.59,13,19.23,65282.02
2024-06-24,Vitamin C,North,104,182.37,18966.48,1,13.59,16388.94
2024-06-25,Antibiotic Capsule,South,373,325.91,121564.43,9,16.38,101652.18
2024-06-28,Diabetes Control,East,304,320.61,97465.44,35,9.68,88030.79
2024-06-29,Vitamin C,East,445,464.76,206818.2,27,5.68,195070.93
2024-06-29,Antacid Tablet,Central,592,308.39,182566.88,3,8.35,167322.55
2024-06-30,Antihistamine,West,142,301.5,42813.0,46,3.49,41318.83
2024-06-30,Antibiotic Capsule,South,569,394.04,224208.76,43,2.79,217953.34
2024-06-30,Cough Syrup,Central,537,479.28,257373.36,29,18.82,208935.69
2024-07-01,Cough Syrup,South,506,80.38,40672.28,2,10.43,36430.16
2024-07-04,Antacid Tablet,East,356,400.97,142745.32,27,14.03,122718.15
2024-07-04,Antibiotic Capsule,East,436,232.98,101579.28,48,8.4,93046.62
2024-07-04,PainRelief Tablet,North,319,362.23,115551.37,41,2.21,112997.68
2024-07-07,Diabetes Control,Central,190,568.07,107933.3,14,12.02,94959.72
2024-07-09,Diabetes Control,Central,652,103.24,67312.48,9,13.78,58036.82
2024-07-09,Vitamin C,North,665,440.07,292646.55,17,4.2,280355.39
2024-07-09,Diabetes Control,Central,592,524.86,310717.12,7,6.85,289433.0
2024-07-09,Antihistamine,Central,48,487.84,23416.32,7,19.05,18955.51
2024-07-10,Diabetes Control,North,648,395.23,256109.04,43,0.32,255289.49
2024-07-11,PainRelief Tablet,North,580,480.36,278608.8,46,7.86,256710.15
2024-07-13,Antihistamine,West,30,123.78,3713.4,42,14.57,3172.36
2024-07-14,Antibiotic Capsule,North,165,584.06,96369.9,30,7.22,89411.99
2024-07-15,Antacid Tablet,South,406,53.72,21810.32,4,5.79,20547.5
2024-07-16,Diabetes Control,West,608,266.56,162068.48,5,16.55,135246.15
2024-07-16,Cough Syrup,South,708,259.96,184051.68,25,11.91,162131.12
2024-07-16,Antacid Tablet,South,133,400.9,53319.7,14,5.2,50547.08
2024-07-17,Antacid Tablet,South,192,550.2,105638.4,41,11.65,93331.53
2024-07-17,Antacid Tablet,North,781,104.97,81981.57,37,14.29,70266.4
2024-07-17,Cough Syrup,East,361,393.19,141941.59,2,16.24,118890.28
2024-07-18,Antihistamine,East,102,366.0,37332.0,25,1.09,36925.08
2024-07-18,Vitamin C,East,263,564.77,148534.51,49,5.41,140498.79
2024-07-18,Antacid Tablet,East,261,296.49,77383.89,45,11.29,68647.25
2024-07-19,Cough Syrup,Central,353,55.85,19715.05,34,3.78,18969.82
2024-07-19,Cough Syrup,West,764,363.14,277438.96,24,8.55,253717.93
2024-07-19,Vitamin C,West,625,294.75,184218.75,23,15.07,156456.98
2024-07-19,PainRelief Tablet,South,289,361.35,104430.15,3,0.97,103417.18
2024-07-20,Antihistamine,West,512,499.09,255534.08,15,17.72,210253.44
2024-07-22,PainRelief Tablet,East,534,399.31,213231.54,24,18.63,173506.5
2024-07-23,Antihistamine,North,395,272.74,107732.3,12,16.41,90053.43
2024-07-23,Diabetes Control,North,393,446.98,175663.14,45,11.32,155778.07
2024-07-25,PainRelief Tablet,Central,789,346.15,273112.35,39,0.91,270627.03
2024-07-25,PainRelief Tablet,West,627,547.6,343345.2,22,15.13,291397.07
2024-07-26,Cough Syrup,East,633,517.45,327545.85,13,3.12,317326.42
2024-07-27,Antacid Tablet,South,654,599.7,392203.8,39,14.58,335020.49
2024-07-27,Antihistamine,East,461,478.49,220583.89,39,5.17,209179.7
2024-07-28,Cough Syrup,West,240,532.52,127804.8,38,2.91,124085.68
2024-07-28,Cough Syrup,East,289,564.34,163094.26,19,8.13,149834.7
2024-07-30,Antacid Tablet,South,747,212.95,159073.65,39,3.23,153935.57
2024-07-31,Antacid Tablet,Central,504,520.09,262125.36,29,15.56,221338.65
2024-07-31,Cough Syrup,South,167,190.62,31833.54,10,12.67,27800.23
2024-08-02,Antihistamine,West,405,396.46,160566.3,18,3.25,155347.9
2024-08-03,Cough Syrup,East,220,391.92,86222.4,32,10.94,76789.67
2024-08-09,Antacid Tablet,Central,617,578.89,357175.13,14,8.3,327529.59
2024-08-10,Diabetes Control,West,390,159.33,62138.7,20,4.78,59168.47
2024-08-15,Diabetes Control,West,699,171.41,119815.59,10,12.51,104826.66
2024-08-16,Antacid Tablet,Central,696,169.8,118180.8,34,19.52,95111.91
2024-08-18,Antacid Tablet,North,333,552.25,183899.25,46,3.62,177242.1
2024-08-23,Antihistamine,South,141,64.73,9126.93,21,7.94,8402.25
2024-08-23,Diabetes Control,East,788,253.19,199513.72,39,6.31,186924.4
2024-08-24,Diabetes Control,South,702,563.77,395766.54,26,9.76,357139.73
2024-08-26,PainRelief Tablet,South,98,393.91,38603.18,8,3.38,37298.39
2024-08-26,Diabetes Control,East,649,272.93,177131.57,33,11.09,157487.68
2024-08-27,Antibiotic Capsule,West,349,215.2,75104.8,43,12.2,65942.01
2024-08-29,Antihistamine,West,312,327.12,102061.44,48,5.61,96335.79
2024-08-29,Antibiotic Capsule,South,427,492.92,210476.84,11,15.6,177642.45
2024-08-30,Vitamin C,South,571,214.71,122599.41,1,19.93,98165.35
2024-08-30,Diabetes Control,South,577,413.45,238560.65,29,1.93,233956.43
2024-08-31,Diabetes Control,Central,738,477.56,352439.28,24,1.6,346800.25
2024-08-31,Diabetes Control,West,50,379.44,18972.0,12,12.76,16551.17
2024-09-01,Antihistamine,West,171,532.38,91036.98,38,2.11,89116.1
2024-09-01,Antibiotic Capsule,West,308,454.75,140063.0,13,12.97,121896.83
2024-09-02,Diabetes Control,South,383,514.43,197026.69,45,15.33,166822.5
2024-09-03,Antibiotic Capsule,South,472,57.28,27036.16,20,11.57,23908.08
2024-09-03,PainRelief Tablet,South,511,351.08,179401.88,22,8.53,164098.9
2024-09-04,PainRelief Tablet,West,212,230.61,48889.32,16,5.92,45995.07
2024-09-04,PainRelief Tablet,East,647,224.94,145536.18,33,13.64,125685.05
2024-09-04,Antihistamine,West,202,342.81,69247.62,34,11.88,61021.0
2024-09-04,Antihistamine,North,505,202.42,102222.1,20,3.71,98429.66
2024-09-06,Vitamin C,North,492,315.19,155073.48,4,4.49,148110.68
2024-09-08,Antacid Tablet,East,683,391.68,267517.44,15,8.38,245099.48
2024-09-11,Antibiotic Capsule,North,739,255.67,188940.13,19,11.13,167911.09
2024-09-11,Antihistamine,East,247,337.93,83468.71,18,18.92,67676.43
2024-09-14,Antibiotic Capsule,North,146,336.09,49069.14,43,17.75,40359.37
2024-09-15,PainRelief Tablet,South,452,335.27,151542.04,47,7.92,139539.91
2024-09-15,Vitamin C,East,473,472.87,223667.51,42,10.18,200898.16
2024-09-16,Cough Syrup,South,168,439.16,73778.88,34,0.8,73188.65
2024-09-16,PainRelief Tablet,South,758,547.4,414929.2,49,6.3,388788.66
2024-09-16,PainRelief Tablet,Central,373,387.71,144615.83,38,7.75,133408.1
2024-09-17,Antibiotic Capsule,North,363,144.67,52515.21,23,5.76,49490.33
2024-09-17,Antacid Tablet,South,678,531.32,360234.96,49,7.06,334802.37
2024-09-19,Antibiotic Capsule,East,115,571.48,65720.2,14,17.67,54107.44
2024-09-19,PainRelief Tablet,Central,289,402.72,116386.08,47,5.09,110462.03
2024-09-22,Cough Syrup,West,787,475.0,373825.0,12,7.12,347208.66
2024-09-24,PainRelief Tablet,East,631,449.08,283369.48,46,7.13,263165.24
2024-09-25,Cough Syrup,North,105,179.73,18871.65,43,5.12,17905.42
2024-09-25,Antibiotic Capsule,West,76,599.74,45580.24,7,6.71,42521.81
2024-09-25,Diabetes Control,Central,677,163.47,110669.19,7,13.83,95363.64
2024-09-25,Cough Syrup,East,529,560.4,296451.6,13,10.89,264168.02
2024-09-27,Antibiotic Capsule,South,343,534.33,183275.19,8,7.16,170152.69
2024-09-29,Antibiotic Capsule,Central,225,519.99,116997.75,36,12.38,102513.43
2024-09-29,Antihistamine,West,578,160.59,92821.02,11,17.51,76568.06
2024-09-29,Antihistamine,Central,689,466.99,321756.11,11,19.13,260204.17
2024-09-30,Antibiotic Capsule,North,793,522.45,414302.85,21,0.86,410739.85
2024-09-30,Cough Syrup,North,158,510.3,80627.4,12,16.52,67307.75
2024-10-01,Antihistamine,West,576,395.28,227681.28,25,16.63,189817.88
2024-10-01,Antacid Tablet,South,519,404.54,209956.26,10,3.8,201977.92
2024-10-01,Diabetes Control,Central,709,138.61,98274.49,24,6.91,91483.72
2024-10-02,Antibiotic Capsule,South,277,110.2,30525.4,44,8.31,27988.74
2024-10-02,Antihistamine,South,318,475.08,151075.44,31,7.17,140243.33
2024-10-03,PainRelief Tablet,Central,725,262.68,190443.0,49,13.87,164028.56
2024-10-04,Antacid Tablet,North,175,86.32,15106.0,45,19.31,12189.03
2024-10-06,Antacid Tablet,Central,640,533.73,341587.2,15,8.71,311834.95
2024-10-06,Diabetes Control,North,394,278.6,109768.4,4,18.7,89241.71
2024-10-07,Vitamin C,North,283,98.69,27929.27,42,6.47,26122.25
2024-10-08,Antacid Tablet,South,434,594.71,258104.14,20,4.81,245689.33
2024-10-09,Vitamin C,North,650,455.98,296387.0,28,4.14,284116.58
2024-10-09,Cough Syrup,East,84,500.0,42000.0,10,5.52,39681.6
2024-10-09,Antihistamine,Central,684,491.27,336028.68,49,2.25,328468.03
2024-10-10,Antibiotic Capsule,South,641,110.41,70772.81,19,10.29,63490.29
2024-10-13,Vitamin C,Central,523,570.54,298392.42,30,5.02,283413.12
2024-10-14,Antibiotic Capsule,West,262,238.72,62544.64,30,6.34,58579.31
2024-10-14,PainRelief Tablet,North,602,255.94,154075.88,49,18.69,125279.1
2024-10-15,Antacid Tablet,Central,256,344.92,88299.52,36,3.69,85041.27
2024-10-16,Antibiotic Capsule,East,107,418.47,44776.29,12,15.84,37683.73
2024-10-17,Antihistamine,South,668,197.38,131849.84,4,10.22,118374.79
2024-10-17,Diabetes Control,West,658,394.01,259258.58,20,5.61,244714.17
2024-10-17,Antacid Tablet,North,70,154.0,10780.0,22,2.47,10513.73
2024-10-18,Diabetes Control,Central,461,522.34,240798.74,0,14.9,204919.73
2024-10-18,Vitamin C,South,691,449.77,310791.07,34,2.85,301933.52
2024-10-19,Cough Syrup,South,376,382.86,143955.36,17,13.5,124521.39
2024-10-20,Cough Syrup,Central,615,377.72,232297.8,37,15.67,195896.73
2024-10-20,Diabetes Control,East,576,283.78,163457.28,37,8.05,150298.97
2024-10-20,Cough Syrup,South,279,319.68,89190.72,44,13.55,77105.38
2024-10-20,PainRelief Tablet,South,205,213.65,43798.25,43,18.98,35485.34
2024-10-20,Diabetes Control,West,141,561.14,79120.74,24,10.12,71113.72
2024-10-21,Antacid Tablet,East,558,373.09,208184.22,21,17.17,172438.99
2024-10-21,Diabetes Control,West,400,377.84,151136.0,30,12.27,132591.61
2024-10-23,Antihistamine,West,544,377.19,205191.36,12,1.03,203077.89
2024-10-24,Antibiotic Capsule,Central,699,589.95,412375.05,2,0.45,410519.36
2024-10-24,Cough Syrup,South,45,55.41,2493.45,19,11.09,2216.93
2024-10-24,PainRelief Tablet,North,154,327.49,50433.46,5,19.07,40815.8
2024-10-25,Vitamin C,Central,461,253.61,116914.21,4,3.93,112319.48
2024-10-25,Antacid Tablet,Central,382,295.35,112823.7,6,4.22,108062.54
2024-10-25,Cough Syrup,East,572,364.34,208402.48,7,4.81,198378.32
2024-10-25,Cough Syrup,North,691,384.91,265972.81,12,19.83,213230.4
2024-10-26,Antihistamine,South,463,244.04,112990.52,16,7.66,104335.45
2024-10-27,Antibiotic Capsule,West,686,281.41,193047.26,48,6.85,179823.52
2024-10-28,Diabetes Control,South,106,249.71,26469.26,2,1.41,26096.04
2024-10-29,Vitamin C,Central,441,329.2,145177.2,25,2.11,142113.96
2024-10-31,Antihistamine,West,73,431.05,31466.65,36,5.93,29600.68
2024-10-31,Cough Syrup,East,308,147.03,45285.24,0,13.69,39085.69
2024-11-02,Antacid Tablet,South,428,141.77,60677.56,7,12.34,53189.95
2024-11-02,PainRelief Tablet,East,460,65.38,30074.8,11,3.8,28931.96
2024-11-02,Cough Syrup,West,693,64.08,44407.44,30,6.3,41609.77
2024-11-02,Antibiotic Capsule,South,613,524.51,321524.63,16,13.25,278922.62
2024-11-03,Cough Syrup,South,708,238.39,168780.12,41,2.3,164898.18
2024-11-04,PainRelief Tablet,Central,36,430.11,15483.96,29,4.65,14763.96
2024-11-05,Antihistamine,West,188,202.38,38047.44,43,4.37,36384.77
2024-11-05,Antacid Tablet,Central,651,94.61,61591.11,16,7.11,57211.98
2024-11-06,Antacid Tablet,Central,627,379.08,237683.16,8,3.49,229388.02
2024-11-06,Antihistamine,South,631,397.25,250664.75,47,14.1,215321.02
2024-11-06,Cough Syrup,West,407,502.83,204651.81,5,17.59,168653.56
2024-11-07,Antihistamine,South,715,585.77,418825.55,41,10.98,372838.5
2024-11-07,Vitamin C,Central,663,106.31,70483.53,27,4.08,67607.8
2024-11-11,Antihistamine,West,243,409.1,99411.3,43,2.54,96886.25
2024-11-12,Diabetes Control,Central,764,279.4,213461.6,49,11.43,189062.94
2024-11-12,Antihistamine,North,255,328.77,83836.35,42,0.97,83023.14
2024-11-12,Antacid Tablet,West,79,306.23,24192.17,7,11.87,21320.56
2024-11-12,PainRelief Tablet,Central,613,560.38,343512.94,2,0.69,341142.7
2024-11-12,PainRelief Tablet,Central,194,93.41,18121.54,22,17.08,15026.38
2024-11-14,Antacid Tablet,East,598,302.17,180697.66,30,7.77,166657.45
2024-11-14,Cough Syrup,North,379,541.61,205270.19,21,8.53,187760.64
2024-11-14,PainRelief Tablet,East,99,254.24,25169.76,36,5.69,23737.6
2024-11-15,Diabetes Control,East,361,226.82,81882.02,46,6.58,76494.18
2024-11-15,Diabetes Control,South,382,513.68,196225.76,7,4.54,187317.11
2024-11-15,Vitamin C,Central,52,272.25,14157.0,30,14.48,12107.07
2024-11-16,Antibiotic Capsule,East,573,545.25,312428.25,41,11.76,275686.69
2024-11-17,Antacid Tablet,West,478,394.22,188437.16,30,12.83,164260.67
2024-11-18,PainRelief Tablet,Central,55,47.3,2601.5,39,10.81,2320.28
2024-11-19,Antacid Tablet,West,156,314.05,48991.8,12,3.91,47076.22
2024-11-19,Antihistamine,West,724,226.74,164159.76,9,11.01,146085.77
2024-11-20,PainRelief Tablet,West,112,512.24,57370.88,31,4.17,54978.51
2024-11-21,Cough Syrup,South,227,251.3,57045.1,39,18.35,46577.32
2024-11-21,Antibiotic Capsule,Central,742,435.47,323118.74,45,8.37,296073.7
2024-11-22,Antihistamine,East,757,501.88,379923.16,12,19.2,306977.91
2024-11-22,Diabetes Control,South,538,369.56,198823.28,10,19.11,160828.15
2024-11-22,Antihistamine,North,647,344.53,222910.91,38,8.88,203116.42
2024-11-23,Antihistamine,South,161,355.65,57259.65,4,5.74,53972.95
2024-11-25,Diabetes Control,East,523,477.36,249659.28,14,11.94,219849.96
2024-11-26,Cough Syrup,North,675,79.2,53460.0,47,15.66,45088.16
2024-11-27,Antihistamine,West,489,477.21,233355.69,5,19.85,187034.59
2024-11-28,Antihistamine,West,70,44.46,3112.2,17,8.16,2858.24
2024-11-28,Antihistamine,Central,675,205.34,138604.5,29,16.78,115346.66
2024-11-29,Vitamin C,East,474,97.75,46333.5,49,6.13,43493.26
2024-11-29,Diabetes Control,North,193,338.62,65353.66,34,3.84,62844.08
2024-11-29,Antibiotic Capsule,West,534,112.58,60117.72,1,5.44,56847.32
2024-11-29,Antibiotic Capsule,West,611,445.92,272457.12,43,12.65,237991.29
2024-11-30,Antacid Tablet,West,290,528.35,153221.5,26,13.94,131862.42
2024-11-30,Vitamin C,West,69,395.85,27313.65,28,8.8,24910.05
2024-12-01,Vitamin C,Central,591,315.48,186448.68,34,16.65,155404.97
2024-12-02,Cough Syrup,West,434,264.73,114892.82,45,5.88,108137.12
2024-12-03,Diabetes Control,Central,130,96.53,12548.9,18,17.01,10414.33
2024-12-04,Vitamin C,East,295,455.82,134466.9,12,12.63,117483.73
2024-12-04,PainRelief Tablet,North,421,440.2,185324.2,28,15.09,157358.78
2024-12-04,Cough Syrup,Central,471,329.85,155359.35,30,15.95,130579.53
2024-12-06,Antihistamine,North,183,597.19,109285.77,15,11.63,96575.83
2024-12-09,Antihistamine,East,543,545.99,296472.57,19,7.14,275304.43
2024-12-09,Diabetes Control,Central,449,450.15,202117.35,27,19.91,161875.79
2024-12-10,Antihistamine,North,324,60.13,19482.12,23,17.02,16166.26
2024-12-10,Antibiotic Capsule,East,701,283.88,198999.88,39,17.0,165169.9
2024-12-11,Antacid Tablet,South,658,173.93,114445.94,1,12.82,99773.97
2024-12-14,Antibiotic Capsule,Central,59,158.66,9360.94,31,8.37,8577.43
2024-12-14,PainRelief Tablet,East,786,550.45,432653.7,8,7.53,400074.88
2024-12-14,Antibiotic Capsule,North,505,590.65,298278.25,1,16.29,249688.72
2024-12-17,Diabetes Control,Central,389,462.16,179780.24,8,18.58,146377.07
2024-12-18,Antibiotic Capsule,North,460,329.4,151524.0,1,5.67,142932.59
2024-12-19,Diabetes Control,North,302,143.81,43430.62,20,19.07,35148.4
2024-12-20,PainRelief Tablet,Central,97,259.44,25165.68,11,6.76,23464.48
2024-12-20,Vitamin C,Central,217,189.05,41023.85,4,5.06,38948.04
2024-12-24,Antibiotic Capsule,South,742,160.99,119454.58,18,5.97,112323.14
2024-12-25,PainRelief Tablet,Central,67,125.3,8395.1,27,15.31,7109.81
2024-12-26,Antibiotic Capsule,East,243,445.63,108288.09,6,7.84,99798.3
2024-12-26,Antacid Tablet,West,212,366.63,77725.56,49,10.96,69206.84
2024-12-27,Antacid Tablet,East,315,320.85,101067.75,3,15.92,84977.76
2024-12-27,Antacid Tablet,East,771,158.22,121987.62,23,17.8,100273.82
2024-12-27,PainRelief Tablet,East,401,58.37,23406.37,1,10.23,21011.9
2024-12-28,Antacid Tablet,West,714,440.42,314459.88,11,0.56,312698.9
2024-12-29,Diabetes Control,North,305,46.43,14161.15,33,5.38,13399.28
2024-12-29,Antibiotic Capsule,South,666,281.1,187212.6,23,11.7,165308.73
2024-12-30,Cough Syrup,Central,161,421.78,67906.58,1,18.69,55214.84
2024-12-30,Antacid Tablet,West,668,245.93,164281.24,39,8.86,149725.92
2024-12-30,PainRelief Tablet,West,592,156.06,92387.52,44,7.54,85421.5
